timestamp,btc_price,adx_15m,dmp_15m,dmn_15m,atr_15m,volume_15m
2026-03-26T17:45:04.020168+00:00,68960.27,53.77,14.68,29.12,231.56,169.62
2026-03-26T18:00:03.762163+00:00,68476.39,43.23,12.36,37.14,255.98,745.9
2026-03-26T18:15:03.009022+00:00,68443.77,32.96,11.8,34.99,257.16,298.59
2026-03-26T18:30:03.182518+00:00,68184.55,41.74,10.4,36.5,260.37,512.46
2026-03-26T18:45:03.162594+00:00,68321.53,34.22,10.46,34.62,254.24,415.31
2026-03-26T19:00:04.383550+00:00,68499.99,40.54,13.52,32.71,250.1,176.2
2026-03-26T19:15:03.164435+00:00,68457.4,48.12,13.34,32.68,241.41,104.84
2026-03-26T19:30:02.914265+00:00,68449.76,47.34,14.31,30.75,238.26,127.45
2026-03-26T19:45:02.898110+00:00,68633.12,31.88,16.5,26.76,244.1,145.18
2026-03-26T20:00:03.787391+00:00,68539.58,47.03,15.06,27.04,239.51,166.5
2026-03-26T20:15:03.083736+00:00,69174.77,42.13,30.45,19.52,297.27,775.98
2026-03-26T20:30:02.849155+00:00,69190.19,37.39,28.43,17.65,295.42,507.7
2026-03-26T20:45:02.434717+00:00,69175.38,26.42,27.76,16.51,290.41,164.04
2026-03-26T21:00:04.468206+00:00,68973.19,25.03,25.48,20.41,294.03,259.94
2026-03-26T21:15:03.196342+00:00,68912.92,36.41,23.68,20.24,282.46,174.21
2026-03-26T21:30:02.874744+00:00,69092.49,41.95,26.67,22.66,285.58,177.25
2026-03-26T21:45:02.672347+00:00,69020.97,31.4,25.77,17.32,277.04,119.69
2026-03-26T22:00:03.935945+00:00,68959.46,25.32,25.07,18.3,264.1,127.54
2026-03-26T22:15:03.148117+00:00,68972.95,23.79,24.67,18.58,256.88,98.37
2026-03-26T22:30:02.909391+00:00,68728.83,29.72,21.25,24.46,265.54,191.49
2026-03-26T22:45:02.505121+00:00,68796.23,23.74,20.49,23.22,255.74,107.34
2026-03-26T23:00:04.297755+00:00,68931.03,19.89,22.5,21.87,246.48,87.19
2026-03-26T23:15:03.119694+00:00,68824.74,26.3,23.08,23.4,243.73,119.53
2026-03-26T23:30:02.907537+00:00,68735.78,19.03,21.72,23.75,241.28,114.42
2026-03-26T23:45:02.453212+00:00,68749.98,20.34,20.8,23.25,232.64,96.95
2026-03-27T00:00:05.492948+00:00,68829.56,20.18,22.05,22.46,224.05,59.51
2026-03-27T00:15:03.320028+00:00,68931.15,17.37,24.13,20.01,227.05,278.4
2026-03-27T00:30:03.188086+00:00,68732.27,19.75,22.11,19.64,227.32,78.16
2026-03-27T00:45:02.797576+00:00,68694.01,15.93,20.34,23.16,230.32,220.79
2026-03-27T01:00:04.151942+00:00,68799.08,11.14,20.44,21.71,227.53,57.12
2026-03-27T01:15:02.956789+00:00,68866.22,16.31,20.83,20.87,225.33,244.14
2026-03-27T01:30:02.638316+00:00,68909.83,17.34,22.13,21.53,218.43,173.67
2026-03-27T01:45:03.154095+00:00,68907.0,21.99,25.92,18.72,210.35,70.4
2026-03-27T02:00:04.846136+00:00,69051.67,15.58,23.96,17.53,208.88,66.85
2026-03-27T02:15:02.663330+00:00,69051.07,16.63,26.84,18.36,202.95,159.31
2026-03-27T02:30:03.159991+00:00,69023.45,12.64,26.8,19.32,195.44,163.04
2026-03-27T02:45:02.728248+00:00,68920.5,18.65,23.83,24.67,196.22,369.92
2026-03-27T03:00:04.115043+00:00,68924.0,21.48,22.93,25.53,189.51,256.19
2026-03-27T03:15:02.871104+00:00,68770.57,18.57,20.97,29.84,194.12,253.96
2026-03-27T03:30:02.728762+00:00,68839.31,16.2,20.11,24.44,187.39,82.26
2026-03-27T03:45:02.447483+00:00,68869.55,18.59,24.08,23.42,180.12,73.76
2026-03-27T04:00:04.113958+00:00,68767.5,13.48,20.51,24.59,175.92,167.0
2026-03-27T04:15:02.856339+00:00,68405.24,14.76,16.86,37.75,198.11,344.26
2026-03-27T04:30:03.024477+00:00,68525.56,15.3,15.83,34.55,196.71,236.62
2026-03-27T04:45:02.597881+00:00,68591.84,16.31,17.29,32.48,190.9,195.02
2026-03-27T05:00:03.847327+00:00,68559.61,21.84,18.22,31.44,182.44,70.57
2026-03-27T05:15:02.618508+00:00,68820.0,20.07,22.8,28.15,189.3,176.05
2026-03-27T05:30:03.031821+00:00,68599.4,20.13,22.61,25.22,196.36,109.63
2026-03-27T05:45:02.670773+00:00,68602.78,37.96,19.8,34.05,197.71,284.04
2026-03-27T06:00:04.636498+00:00,68630.76,15.0,19.45,25.99,188.95,204.03
2026-03-27T06:15:02.700474+00:00,68751.32,17.09,22.67,25.65,187.23,84.22
2026-03-27T06:30:03.407471+00:00,68795.0,19.01,25.13,21.81,183.49,216.84
2026-03-27T06:45:02.903034+00:00,68716.42,21.75,26.3,20.84,177.62,266.26
2026-03-27T07:00:02.956653+00:00,68663.03,16.05,23.06,23.69,172.69,104.76
2026-03-27T07:15:02.768082+00:00,68842.89,15.04,27.23,20.79,182.25,184.36
2026-03-27T07:30:03.474014+00:00,68924.83,16.97,28.34,19.5,180.86,150.24
2026-03-27T07:45:03.049740+00:00,68602.45,12.72,22.91,26.0,196.95,552.13
2026-03-27T08:00:04.145033+00:00,68545.31,38.27,32.08,28.95,200.39,755.04
2026-03-27T08:15:03.325967+00:00,68471.29,16.59,19.07,27.75,199.03,308.96
2026-03-27T08:30:03.055443+00:00,68233.01,17.68,17.16,33.16,201.15,266.87
2026-03-27T08:45:02.988743+00:00,67830.69,32.7,13.57,47.66,235.91,997.85
2026-03-27T09:00:03.623944+00:00,67920.51,20.53,12.41,40.98,240.24,243.9
2026-03-27T09:15:03.189822+00:00,67743.36,26.56,13.22,42.23,251.01,359.7
2026-03-27T09:30:03.078066+00:00,67927.19,28.27,10.46,39.72,248.92,138.69
2026-03-27T09:45:02.732042+00:00,67723.8,34.84,9.77,38.76,246.46,174.24
2026-03-27T10:00:04.472308+00:00,67695.82,33.96,9.18,37.08,243.28,139.62
2026-03-27T10:15:03.057512+00:00,67670.68,47.46,8.74,39.99,237.54,143.29
2026-03-27T10:30:03.089535+00:00,67765.55,35.63,8.75,35.47,229.05,91.66
2026-03-27T10:45:03.617735+00:00,66901.45,38.92,7.2,48.43,280.48,1467.05
2026-03-27T11:00:05.000591+00:00,66505.92,41.87,6.55,52.73,304.6,1310.93
2026-03-27T11:15:03.734619+00:00,66616.45,52.68,5.03,51.57,311.26,708.83
2026-03-27T11:30:02.719812+00:00,66690.64,46.35,7.6,48.43,298.75,405.2
2026-03-27T11:45:03.056334+00:00,66764.79,47.16,8.78,46.94,285.81,297.38
2026-03-27T12:00:04.828505+00:00,66744.33,46.37,10.9,44.78,278.0,271.79
2026-03-27T12:15:02.751109+00:00,66650.01,52.35,9.18,44.72,270.65,261.69
2026-03-27T12:30:03.435784+00:00,66540.5,62.75,8.72,46.71,264.48,244.54
2026-03-27T12:45:03.097753+00:00,66626.77,53.03,8.24,44.52,260.2,278.02
2026-03-27T13:00:04.413694+00:00,66629.65,48.38,10.08,41.98,255.77,180.31
2026-03-27T13:15:03.077387+00:00,66520.0,50.9,10.41,39.52,252.28,214.75
2026-03-27T13:30:03.093162+00:00,66667.78,58.18,8.96,37.78,250.54,196.25
2026-03-27T13:45:02.934056+00:00,66512.65,50.75,8.79,40.7,276.7,1471.61
2026-03-27T14:00:04.194380+00:00,66150.41,52.73,7.53,38.18,296.64,545.12
2026-03-27T14:15:03.086746+00:00,66346.77,65.07,5.9,36.22,297.07,497.76
2026-03-27T14:30:03.441127+00:00,65746.3,66.26,5.04,39.2,322.29,1079.68
2026-03-27T14:45:03.132118+00:00,65917.69,62.35,4.75,36.04,318.7,474.19
2026-03-27T15:00:04.956353+00:00,66216.33,69.16,9.6,34.17,328.87,423.87
2026-03-27T15:15:03.205442+00:00,66243.15,60.13,10.2,30.88,319.68,529.26
2026-03-27T15:30:03.334728+00:00,66326.48,56.2,13.15,27.53,332.17,681.1
2026-03-27T15:45:03.386168+00:00,66408.34,58.03,15.44,25.76,334.26,672.89
2026-03-27T16:00:04.910638+00:00,66104.58,66.37,14.2,31.11,337.41,522.0
2026-03-27T16:15:03.291386+00:00,65962.2,56.14,13.36,31.42,335.14,403.74
2026-03-27T16:30:03.762204+00:00,65955.44,48.75,13.04,29.48,329.89,258.91
2026-03-27T16:45:03.142879+00:00,66013.79,49.48,11.99,28.05,321.65,316.69
2026-03-27T17:00:03.864430+00:00,66002.19,38.82,15.89,25.93,322.76,247.38
2026-03-27T17:15:02.702099+00:00,66216.81,44.63,15.92,23.96,325.48,261.92
2026-03-27T17:30:03.306055+00:00,65890.27,53.36,14.11,24.12,331.67,268.77
2026-03-27T17:45:03.397615+00:00,65626.57,49.9,13.13,27.44,330.58,304.68
2026-03-27T18:00:04.469834+00:00,65647.29,35.6,13.76,26.51,316.9,166.79
2026-03-27T18:15:03.090282+00:00,65625.64,37.7,13.94,25.29,309.07,389.04
2026-03-27T18:30:02.827192+00:00,65763.49,48.45,13.79,23.41,309.72,190.93
2026-03-27T18:45:02.762191+00:00,65796.18,49.23,13.64,23.38,298.89,219.39
2026-03-27T19:00:04.295355+00:00,65840.36,26.34,16.52,21.5,289.57,116.46
2026-03-27T19:15:03.128101+00:00,65769.17,36.87,14.8,23.13,280.66,133.64
2026-03-27T19:30:03.032985+00:00,65943.58,49.25,16.76,24.21,278.14,255.6
2026-03-27T19:45:02.559000+00:00,65933.03,44.31,17.41,22.0,271.56,122.34
2026-03-27T20:00:05.431840+00:00,66045.65,37.16,18.85,18.83,271.05,306.75
2026-03-27T20:15:03.419818+00:00,66000.0,40.63,18.22,20.49,262.91,242.26
2026-03-27T20:30:03.174881+00:00,65891.08,47.74,16.86,28.18,264.53,119.61
2026-03-27T20:45:02.605700+00:00,65902.41,27.82,16.37,20.38,255.35,84.72
2026-03-27T21:00:03.754997+00:00,66020.77,33.84,19.34,21.58,249.88,64.5
2026-03-27T21:15:02.867698+00:00,66151.33,22.92,21.18,18.08,244.39,214.83
2026-03-27T21:30:02.535306+00:00,66158.8,24.23,20.54,18.02,231.65,143.14
2026-03-27T21:45:03.020001+00:00,66129.9,22.21,19.66,19.17,224.77,92.0
2026-03-27T22:00:04.010586+00:00,66040.42,21.5,18.92,19.4,216.75,186.74
2026-03-27T22:15:03.149436+00:00,66003.53,17.23,18.09,19.97,211.67,187.54
2026-03-27T22:30:02.716433+00:00,66020.92,44.79,17.19,31.38,204.86,304.59
2026-03-27T22:45:03.169481+00:00,66041.86,33.84,16.62,25.92,201.36,185.56
2026-03-27T23:00:04.064039+00:00,66037.4,17.02,16.97,19.6,188.09,62.17
2026-03-27T23:15:02.940054+00:00,66094.58,7.9,17.95,18.92,182.21,70.93
2026-03-27T23:30:02.614370+00:00,66189.74,10.75,20.29,17.68,179.56,85.07
2026-03-27T23:45:03.021469+00:00,66283.35,7.42,22.98,16.62,177.16,158.67
2026-03-28T00:00:03.741713+00:00,66407.27,14.84,25.2,16.76,175.34,190.26
2026-03-28T00:15:03.234337+00:00,66306.23,14.49,25.36,15.55,176.46,133.07
2026-03-28T00:30:02.811451+00:00,66375.86,14.66,24.25,15.16,171.37,129.38
2026-03-28T00:45:02.250826+00:00,66489.13,14.02,28.46,12.59,170.38,122.07
2026-03-28T01:00:03.909987+00:00,66431.55,15.93,27.34,12.09,164.66,115.36
2026-03-28T01:15:02.998911+00:00,66163.07,16.69,22.99,23.07,176.39,176.63
2026-03-28T01:30:02.625957+00:00,66217.1,25.03,21.62,26.85,174.23,85.39
2026-03-28T01:45:03.030289+00:00,66149.25,15.96,19.78,24.71,179.06,168.2
2026-03-28T02:00:04.100146+00:00,66170.46,13.74,19.11,21.89,171.88,182.97
2026-03-28T02:15:02.701850+00:00,66197.3,24.36,20.33,27.23,165.95,120.45
2026-03-28T02:30:03.115382+00:00,66052.63,14.37,18.75,24.27,169.06,88.96
2026-03-28T02:45:02.737501+00:00,66032.52,29.63,21.82,26.6,165.4,121.29
2026-03-28T03:00:04.538986+00:00,66065.97,16.69,17.44,25.64,160.46,159.7
2026-03-28T03:15:03.136438+00:00,66137.79,23.44,22.92,24.27,155.92,57.61
2026-03-28T03:30:02.842322+00:00,66179.03,22.58,24.05,23.78,149.53,200.58
2026-03-28T03:45:02.305777+00:00,66231.65,23.09,22.32,26.22,145.29,224.23
2026-03-28T04:00:03.665827+00:00,66236.19,27.15,22.1,27.4,140.03,223.54
2026-03-28T04:15:03.237776+00:00,66124.42,13.92,20.66,23.45,138.73,110.8
2026-03-28T04:30:02.870256+00:00,66271.15,13.37,21.68,21.45,140.79,64.96
2026-03-28T04:45:02.428636+00:00,66297.0,21.91,24.42,20.91,133.71,117.76
2026-03-28T05:00:04.016709+00:00,66300.0,18.61,22.75,21.23,129.42,159.32
2026-03-28T05:15:02.638986+00:00,66250.54,14.99,19.07,23.65,126.68,137.6
2026-03-28T05:30:03.225942+00:00,66336.79,26.54,23.28,25.6,130.11,122.52
2026-03-28T05:45:02.828732+00:00,66328.23,12.9,22.37,18.58,125.31,151.11
2026-03-28T06:00:04.464291+00:00,66356.31,16.32,22.83,17.95,119.51,264.4
2026-03-28T06:15:03.114648+00:00,66367.48,18.38,24.69,16.84,118.62,71.96
2026-03-28T06:30:02.813615+00:00,66473.35,14.0,26.67,15.55,119.95,140.34
2026-03-28T06:45:02.710912+00:00,66425.99,19.39,26.86,14.81,116.18,129.55
2026-03-28T07:00:04.379972+00:00,66399.22,15.54,23.25,20.93,115.39,144.12
2026-03-28T07:15:02.835319+00:00,66437.73,25.06,25.81,17.5,112.5,69.05
2026-03-28T07:30:03.057022+00:00,66464.56,16.89,24.98,16.91,108.65,185.03
2026-03-28T07:45:02.580847+00:00,66436.63,22.11,25.66,16.46,103.39,246.5
2026-03-28T08:00:04.615388+00:00,66559.6,15.02,27.69,14.97,106.16,236.8
2026-03-28T08:15:03.174289+00:00,66500.25,21.15,25.74,19.1,104.6,426.18
2026-03-28T08:30:02.804001+00:00,66552.28,19.01,24.78,13.12,101.62,66.44
2026-03-28T08:45:02.975444+00:00,66421.61,32.11,26.26,17.05,103.31,105.24
2026-03-28T09:00:03.497673+00:00,66396.01,26.44,23.61,18.64,101.42,110.48
2026-03-28T09:15:03.101151+00:00,66346.76,17.54,19.39,22.53,101.17,134.96
2026-03-28T09:30:02.649476+00:00,66354.07,12.96,17.9,23.81,101.21,248.16
2026-03-28T09:45:03.086890+00:00,66262.01,16.75,16.46,24.21,102.53,140.18
2026-03-28T10:00:04.156046+00:00,66288.73,16.7,15.58,24.61,100.38,110.79
2026-03-28T10:15:02.807934+00:00,66323.77,13.58,20.94,20.81,102.16,35.04
2026-03-28T10:30:03.148089+00:00,66142.85,15.03,18.33,27.14,108.11,98.3
2026-03-28T10:45:02.829179+00:00,66192.19,14.7,17.46,26.83,108.04,135.23
2026-03-28T11:00:04.319924+00:00,66221.38,16.48,16.78,26.78,104.77,37.56
2026-03-28T11:15:02.893431+00:00,66248.66,22.18,22.97,23.85,104.31,61.53
2026-03-28T11:30:02.542962+00:00,66325.93,17.07,22.64,22.45,103.06,41.97
2026-03-28T11:45:03.008434+00:00,66323.91,19.06,23.72,21.86,98.18,60.73
2026-03-28T12:00:04.183486+00:00,66329.77,13.45,22.64,20.97,95.06,59.19
2026-03-28T12:15:02.911619+00:00,66406.29,14.35,18.35,22.9,100.95,87.69
2026-03-28T12:30:02.732411+00:00,66439.28,18.47,27.78,20.92,102.15,119.28
2026-03-28T12:45:03.079698+00:00,66368.23,13.89,21.69,26.65,105.85,59.49
2026-03-28T13:00:03.808423+00:00,66455.1,40.18,21.64,32.56,106.4,77.65
2026-03-28T13:15:02.438021+00:00,66477.15,11.33,23.88,22.73,105.26,53.8
2026-03-28T13:30:02.970405+00:00,66469.93,19.4,22.38,25.3,103.4,82.37
2026-03-28T13:45:02.784416+00:00,66945.9,14.02,47.27,14.8,146.4,630.68
2026-03-28T14:00:03.763095+00:00,66845.1,20.7,42.87,13.14,152.4,273.73
2026-03-28T14:15:03.649287+00:00,66780.44,29.31,38.06,15.64,155.75,211.78
2026-03-28T14:30:03.285501+00:00,66822.1,26.0,35.84,15.09,154.2,108.1
2026-03-28T14:45:02.712180+00:00,66887.51,27.28,36.08,11.95,159.18,105.96
2026-03-28T15:00:04.308039+00:00,66760.76,36.18,33.06,12.16,169.06,144.66
2026-03-28T15:15:03.108354+00:00,66862.54,31.92,29.53,11.27,169.48,76.52
2026-03-28T15:30:02.859028+00:00,67028.68,36.42,40.27,9.42,187.96,529.76
2026-03-28T15:45:02.525123+00:00,67047.34,32.89,36.86,8.8,187.13,104.48
2026-03-28T16:00:04.076608+00:00,67030.24,36.8,34.67,11.31,183.68,60.93
2026-03-28T16:15:02.943257+00:00,67026.77,41.16,34.29,9.45,182.66,122.09
2026-03-28T16:30:02.802558+00:00,67074.07,38.31,32.64,9.2,174.44,62.09
2026-03-28T16:45:02.757889+00:00,66901.5,36.37,30.14,14.27,174.47,74.97
2026-03-28T17:00:04.805935+00:00,66924.14,34.91,29.04,15.58,168.3,83.55
2026-03-28T17:15:03.297579+00:00,66920.69,47.86,31.95,14.27,164.52,51.98
2026-03-28T17:30:02.814955+00:00,66778.5,35.25,28.08,18.21,163.32,113.31
2026-03-28T17:45:03.201309+00:00,66812.7,32.87,25.51,19.47,166.57,100.64
2026-03-28T18:00:03.859825+00:00,66862.62,33.98,25.0,18.53,162.33,44.97
2026-03-28T18:15:02.781659+00:00,66939.22,38.22,28.69,17.56,159.31,59.61
2026-03-28T18:30:03.755841+00:00,66881.21,33.7,26.16,17.03,152.81,28.09
2026-03-28T18:45:03.252346+00:00,66935.88,32.14,24.72,19.23,149.84,89.3
2026-03-28T19:00:04.364921+00:00,66891.66,27.88,23.98,17.1,143.88,57.04
2026-03-28T19:15:03.090738+00:00,66844.16,27.71,22.8,19.74,144.22,52.42
2026-03-28T19:30:02.512468+00:00,66860.09,27.63,21.56,19.28,137.02,40.99
2026-03-28T19:45:02.865250+00:00,66837.52,32.88,24.86,18.54,132.18,41.81
2026-03-28T20:00:03.847063+00:00,66916.53,24.74,22.15,17.67,129.33,67.75
2026-03-28T20:15:02.623163+00:00,66999.85,23.84,26.25,16.73,126.56,76.46
2026-03-28T20:30:03.259172+00:00,66925.74,20.51,24.66,17.97,124.93,34.71
2026-03-28T20:45:02.838295+00:00,66921.05,21.97,23.37,16.09,122.85,38.18
2026-03-28T21:00:03.382409+00:00,66906.0,19.6,22.44,16.63,118.47,113.38
2026-03-28T21:15:03.109715+00:00,66835.84,19.67,20.61,20.91,119.89,40.11
2026-03-28T21:30:02.824074+00:00,66850.54,17.71,20.0,21.11,114.71,126.72
2026-03-28T21:45:03.646582+00:00,66853.39,19.58,21.21,18.7,112.43,31.85
2026-03-28T22:00:04.105266+00:00,66700.32,30.08,20.17,27.88,123.06,92.38
2026-03-28T22:15:02.867189+00:00,66609.37,13.93,16.58,29.03,122.85,66.23
2026-03-28T22:30:02.422123+00:00,66783.71,19.01,18.47,23.68,128.22,90.07
2026-03-28T22:45:02.749029+00:00,66704.0,24.71,17.8,21.72,124.92,20.81
2026-03-28T23:00:03.777752+00:00,66737.0,26.04,18.07,21.13,121.79,47.36
2026-03-28T23:15:02.907259+00:00,66400.74,25.85,13.43,35.98,146.92,142.36
2026-03-28T23:30:02.594403+00:00,66399.74,26.27,11.92,33.49,147.77,79.94
2026-03-28T23:45:03.239659+00:00,66369.03,27.62,13.73,31.67,144.74,68.54
2026-03-29T00:00:07.028057+00:00,66373.83,20.9,12.47,34.33,142.36,42.58
2026-03-29T00:15:03.445567+00:00,66432.31,32.11,16.67,31.07,140.78,69.49
2026-03-29T00:30:03.314228+00:00,66393.45,25.59,12.83,34.13,145.19,84.73
2026-03-29T00:45:02.731463+00:00,66400.81,32.69,12.65,30.01,142.51,69.62
2026-03-29T01:00:03.919344+00:00,66482.01,33.03,14.21,28.23,140.44,61.34
2026-03-29T01:15:02.799099+00:00,66545.02,29.2,17.23,26.8,139.36,144.3
2026-03-29T01:30:03.012113+00:00,66559.44,33.15,31.17,24.85,137.24,41.02
2026-03-29T01:45:02.592526+00:00,66477.89,28.65,15.24,30.09,140.58,40.96
2026-03-29T02:00:04.089569+00:00,66575.11,29.73,15.99,28.08,140.43,68.91
2026-03-29T02:15:02.942319+00:00,66636.22,29.26,17.56,26.43,137.7,50.03
2026-03-29T02:30:02.927543+00:00,66654.66,24.42,21.94,24.08,137.17,64.38
2026-03-29T02:45:02.599646+00:00,66707.25,30.71,19.96,22.8,140.23,65.61
2026-03-29T03:00:04.276853+00:00,66802.52,23.55,23.03,20.27,141.14,113.82
2026-03-29T03:15:02.924888+00:00,66797.57,24.0,30.7,19.61,134.83,350.83
2026-03-29T03:30:02.446847+00:00,66976.12,29.5,32.81,16.41,151.1,196.43
2026-03-29T03:45:03.039502+00:00,66922.94,35.05,31.27,16.59,145.94,47.6
2026-03-29T04:00:03.695443+00:00,66912.0,24.18,30.44,17.17,141.45,66.08
2026-03-29T04:15:02.627422+00:00,66907.49,29.32,28.65,17.11,137.46,48.49
2026-03-29T04:30:03.173899+00:00,66816.73,36.51,26.43,22.62,137.55,62.84
2026-03-29T04:45:02.812280+00:00,66800.89,29.64,25.54,19.81,132.8,20.64
2026-03-29T05:00:04.188662+00:00,66729.35,23.47,25.59,21.49,128.9,36.6
2026-03-29T05:15:02.675054+00:00,66690.0,29.44,23.13,25.78,125.61,80.08
2026-03-29T05:30:02.986087+00:00,66635.21,26.11,21.29,26.36,126.9,148.8
2026-03-29T05:45:02.552629+00:00,66672.92,21.55,20.41,24.18,123.33,32.75
2026-03-29T06:00:04.451588+00:00,66788.72,19.56,28.69,21.53,127.94,156.81
2026-03-29T06:15:03.054695+00:00,66817.02,21.11,27.48,20.34,125.88,82.39
2026-03-29T06:30:02.666462+00:00,66701.92,21.78,24.05,25.84,133.27,191.62
2026-03-29T06:45:02.969095+00:00,66678.87,19.92,23.2,24.14,128.48,56.02
2026-03-29T07:00:04.025294+00:00,66711.34,21.75,24.17,24.35,127.28,88.72
2026-03-29T07:15:02.645717+00:00,66594.77,16.09,21.82,25.82,131.35,70.9
2026-03-29T07:30:03.101777+00:00,66678.42,13.11,21.25,24.22,129.45,170.08
2026-03-29T07:45:02.960583+00:00,66637.98,13.02,20.76,22.86,127.46,60.73
2026-03-29T08:00:03.872170+00:00,66671.01,10.48,22.92,20.96,129.03,44.4
2026-03-29T08:15:02.527727+00:00,66653.33,17.36,19.36,19.58,129.67,38.07
2026-03-29T08:30:02.936573+00:00,66680.02,15.26,18.41,19.69,126.61,46.15
2026-03-29T08:45:02.428960+00:00,66741.82,15.2,22.53,18.69,124.4,37.79
2026-03-29T09:00:04.243269+00:00,66741.35,18.33,21.79,20.75,119.26,55.06
2026-03-29T09:15:03.098081+00:00,66696.24,13.47,19.48,22.35,124.24,89.49
2026-03-29T09:30:02.781090+00:00,66673.59,10.01,19.23,21.12,121.58,36.66
2026-03-29T09:45:03.076687+00:00,66585.65,25.8,16.73,29.23,124.0,64.04
2026-03-29T10:00:03.631405+00:00,66600.01,11.35,16.21,23.35,119.84,34.85
2026-03-29T10:15:03.219687+00:00,66527.75,15.27,16.47,26.3,120.29,120.49
2026-03-29T10:30:03.135541+00:00,66465.35,15.35,13.73,28.55,120.99,110.95
2026-03-29T10:45:02.744197+00:00,66547.99,16.65,12.59,27.13,121.47,72.34
2026-03-29T11:00:04.296742+00:00,66512.55,44.37,13.42,35.35,118.51,42.09
2026-03-29T11:15:02.879912+00:00,66767.95,17.45,26.34,20.58,136.01,118.47
2026-03-29T11:30:02.543314+00:00,66834.02,21.74,25.67,19.2,132.81,68.05
2026-03-29T11:45:03.049699+00:00,66899.11,16.33,26.31,18.92,134.38,67.45
2026-03-29T12:00:04.114904+00:00,66816.3,24.29,28.16,15.77,138.29,82.69
2026-03-29T12:15:02.911576+00:00,66764.89,17.0,25.77,18.41,134.36,33.82
2026-03-29T12:30:02.649330+00:00,66781.63,22.65,24.61,18.06,131.16,54.01
2026-03-29T12:45:03.094089+00:00,66745.39,23.31,23.98,18.47,128.81,51.96
2026-03-29T13:00:03.990856+00:00,66840.03,26.37,26.99,17.02,129.9,46.07
2026-03-29T13:15:02.958208+00:00,66594.44,19.23,20.9,24.11,145.85,187.38
2026-03-29T13:30:02.472724+00:00,66628.0,21.4,18.99,25.08,145.44,67.77
2026-03-29T13:45:02.909451+00:00,66669.95,19.59,19.1,21.4,140.77,50.54
2026-03-29T14:00:03.839798+00:00,66592.73,18.82,17.88,23.24,140.69,53.88
2026-03-29T14:15:03.049460+00:00,66672.93,18.2,20.68,19.61,154.41,186.41
2026-03-29T14:30:03.096772+00:00,66538.5,14.44,18.39,18.13,155.26,54.34
2026-03-29T14:45:02.847470+00:00,66574.95,17.52,18.55,18.01,151.73,70.39
2026-03-29T15:00:04.300378+00:00,66650.0,13.07,16.03,17.47,147.01,61.75
2026-03-29T15:15:03.103406+00:00,66606.4,30.69,26.51,15.67,151.64,120.91
2026-03-29T15:30:02.985867+00:00,66428.83,15.92,17.5,21.35,165.0,125.66
2026-03-29T15:45:02.767812+00:00,66458.0,18.75,16.48,21.01,161.33,219.48
2026-03-29T16:00:04.430093+00:00,66523.01,15.61,19.08,19.28,158.42,52.21
2026-03-29T16:15:03.120940+00:00,66447.22,19.38,18.75,19.45,155.29,57.12
2026-03-29T16:30:02.948581+00:00,66617.2,12.6,21.61,16.1,160.75,77.93
2026-03-29T16:45:02.839739+00:00,66540.01,16.73,20.7,16.57,155.4,60.5
2026-03-29T17:00:04.244007+00:00,66514.86,14.89,19.88,17.71,150.29,37.01
2026-03-29T17:15:03.099784+00:00,66406.86,15.32,18.51,20.73,149.88,47.85
2026-03-29T17:30:03.126676+00:00,66249.77,12.24,16.32,28.42,158.27,168.84
2026-03-29T17:45:02.987314+00:00,66391.74,24.3,17.6,25.83,160.37,64.61
2026-03-29T18:00:03.932179+00:00,66386.07,14.25,15.63,24.95,154.81,47.86
2026-03-29T18:15:02.760250+00:00,66402.54,27.05,14.08,28.02,150.19,35.22
2026-03-29T18:30:03.421688+00:00,66397.5,17.88,15.72,24.08,146.89,36.76
2026-03-29T18:45:02.811009+00:00,66430.59,15.16,19.2,22.36,146.02,35.87
2026-03-29T19:00:04.702912+00:00,66427.27,25.08,17.6,23.93,141.01,39.57
2026-03-29T19:15:03.079983+00:00,66436.9,18.11,17.09,21.11,135.2,32.08
2026-03-29T19:30:03.141399+00:00,66421.41,14.07,18.3,20.19,130.91,116.51
2026-03-29T19:45:02.883377+00:00,66390.57,12.74,17.25,21.89,131.62,76.12
2026-03-29T20:00:04.750472+00:00,66351.23,14.31,15.54,21.44,129.63,60.97
2026-03-29T20:15:02.541936+00:00,66468.83,13.24,18.72,20.04,131.95,45.82
2026-03-29T20:30:03.267128+00:00,66712.96,18.01,31.14,16.31,146.24,156.23
2026-03-29T20:45:02.740770+00:00,66596.27,16.87,27.45,15.3,144.81,30.74
2026-03-29T21:00:04.570204+00:00,66606.13,24.43,26.5,18.61,139.01,47.27
2026-03-29T21:15:03.182529+00:00,66554.62,16.65,24.36,17.71,141.16,76.1
2026-03-29T21:30:03.232029+00:00,66645.43,21.68,22.77,18.24,140.99,38.35
2026-03-29T21:45:02.896180+00:00,66640.32,17.6,22.68,15.49,137.77,50.23
2026-03-29T22:00:04.266898+00:00,66683.32,21.13,24.42,16.19,136.17,55.42
2026-03-29T22:15:03.311354+00:00,66288.43,20.58,19.21,30.71,161.22,173.57
2026-03-29T22:30:02.808942+00:00,66384.52,16.73,17.38,26.76,165.47,72.89
2026-03-29T22:45:03.524359+00:00,65667.6,20.35,13.04,40.97,210.02,640.86
2026-03-29T23:00:04.700444+00:00,65875.67,37.93,12.4,47.21,265.38,1331.8
2026-03-29T23:15:03.078607+00:00,66102.12,25.27,17.99,41.16,284.28,399.52
2026-03-29T23:30:02.813786+00:00,66007.88,27.51,17.14,37.61,287.58,178.58
2026-03-29T23:45:03.065186+00:00,66047.59,28.06,16.1,37.79,283.39,191.15
2026-03-30T00:00:06.535518+00:00,66068.79,30.36,16.18,35.42,283.37,161.27
2026-03-30T00:15:03.279657+00:00,65860.04,32.96,14.99,35.01,283.33,129.74
2026-03-30T00:30:03.754416+00:00,66581.39,30.3,30.79,25.95,353.5,798.47
2026-03-30T00:45:03.120883+00:00,66339.01,27.06,27.98,22.96,367.85,243.26
2026-03-30T01:00:04.661386+00:00,66308.42,34.33,25.77,24.77,363.98,157.4
2026-03-30T01:15:03.268309+00:00,66408.21,25.61,27.3,21.78,358.62,152.39
2026-03-30T01:30:03.268813+00:00,66582.13,24.83,27.35,20.32,355.81,125.63
2026-03-30T01:45:02.880582+00:00,66676.59,24.98,27.65,19.99,344.91,164.15
2026-03-30T02:00:03.870106+00:00,66688.0,27.86,29.38,18.43,337.52,243.7
2026-03-30T02:15:02.632765+00:00,66880.0,25.13,27.3,17.38,333.56,173.05
2026-03-30T02:30:02.764017+00:00,66755.67,25.6,26.92,16.7,324.13,121.01
2026-03-30T02:45:02.780089+00:00,67034.59,25.26,27.33,15.01,332.41,271.07
2026-03-30T03:00:04.089068+00:00,67117.77,28.97,34.38,13.52,341.57,655.48
2026-03-30T03:15:02.736124+00:00,67012.46,31.63,31.99,14.93,329.53,109.3
2026-03-30T03:30:03.093314+00:00,67252.68,27.55,33.29,12.47,326.61,158.62
2026-03-30T03:45:02.772392+00:00,67206.29,32.5,32.87,12.02,312.88,116.6
2026-03-30T04:00:04.472049+00:00,67189.68,29.29,31.65,11.47,304.47,81.74
2026-03-30T04:15:03.097350+00:00,67434.05,36.33,34.16,10.6,306.01,198.75
2026-03-30T04:30:02.996419+00:00,67449.19,35.32,34.72,9.94,303.6,304.17
2026-03-30T04:45:02.590867+00:00,67429.98,36.73,33.23,9.93,293.83,180.4
2026-03-30T05:00:04.309739+00:00,67623.89,37.38,33.48,9.76,289.3,126.26
2026-03-30T05:15:03.137011+00:00,67658.64,36.58,35.46,10.86,284.46,276.95
2026-03-30T05:30:03.263055+00:00,67650.13,45.64,34.31,7.93,273.69,96.43
2026-03-30T05:45:02.823875+00:00,67487.73,45.64,32.3,11.0,270.76,119.79
2026-03-30T06:00:04.598529+00:00,67513.71,39.38,31.07,11.5,259.59,134.0
2026-03-30T06:15:02.597845+00:00,67441.16,46.48,30.8,10.57,253.24,106.39
2026-03-30T06:30:03.296843+00:00,67326.99,46.66,29.54,13.91,248.11,263.08
2026-03-30T06:45:02.891235+00:00,67359.57,42.53,27.57,13.63,239.16,185.27
2026-03-30T07:00:03.553644+00:00,67283.29,41.37,27.29,12.98,231.39,167.04
2026-03-30T07:15:02.653066+00:00,67383.03,39.24,25.62,14.14,231.75,93.85
2026-03-30T07:30:03.129499+00:00,67337.89,39.22,24.08,14.23,225.54,113.43
2026-03-30T07:45:02.870143+00:00,67318.25,41.37,22.91,13.29,220.07,163.79
2026-03-30T08:00:04.754842+00:00,67614.13,39.78,27.67,11.72,228.09,213.4
2026-03-30T08:15:02.552196+00:00,67893.91,45.93,36.03,10.61,234.25,532.48
2026-03-30T08:30:03.276038+00:00,67760.7,41.52,30.73,10.03,230.84,475.83
2026-03-30T08:45:03.089532+00:00,67759.93,39.82,29.63,9.7,229.41,270.58
2026-03-30T09:00:04.391542+00:00,67660.98,37.95,27.43,13.33,229.7,450.26
2026-03-30T09:15:03.136161+00:00,67580.59,38.84,26.27,12.78,223.19,261.82
2026-03-30T09:30:03.365789+00:00,67515.31,38.78,25.02,14.36,219.03,140.83
2026-03-30T09:45:03.023394+00:00,67556.95,39.45,24.46,15.38,212.51,134.8
2026-03-30T10:00:04.451499+00:00,67484.01,14.54,23.31,20.14,208.24,69.99
2026-03-30T10:15:02.986931+00:00,67440.5,37.85,22.48,15.97,202.49,92.82
2026-03-30T10:30:03.209538+00:00,67423.5,13.54,21.7,24.69,193.36,42.15
2026-03-30T10:45:02.657536+00:00,67433.31,13.27,21.27,26.54,186.4,77.54
2026-03-30T11:00:04.307879+00:00,67496.51,58.89,30.64,15.59,178.15,43.13
2026-03-30T11:15:02.785476+00:00,67585.96,44.66,25.63,15.02,169.46,69.47
2026-03-30T11:30:03.512665+00:00,67708.01,30.63,37.78,13.59,192.32,402.01
2026-03-30T11:45:03.228226+00:00,67596.01,49.97,35.42,12.15,195.71,223.0
2026-03-30T12:00:06.487071+00:00,67703.0,33.36,32.26,12.66,193.39,96.39
2026-03-30T12:15:03.482822+00:00,67850.19,69.57,48.84,10.45,194.92,131.09
2026-03-30T12:30:03.612611+00:00,67889.64,45.79,36.22,10.03,194.18,267.85
2026-03-30T12:45:03.023329+00:00,67883.36,31.37,34.47,10.81,185.93,139.6
2026-03-30T13:00:04.481314+00:00,67917.99,54.88,35.41,9.06,178.83,89.12
2026-03-30T13:15:03.169510+00:00,67915.01,53.22,33.48,8.59,174.96,121.1
2026-03-30T13:30:04.468589+00:00,67831.17,53.2,37.24,7.64,183.17,525.55
2026-03-30T13:45:03.496353+00:00,67765.49,53.84,33.04,13.02,193.7,402.21
2026-03-30T14:00:04.726717+00:00,67569.06,47.39,27.35,20.67,209.44,331.14
2026-03-30T14:15:03.176199+00:00,67691.99,45.84,24.98,18.72,214.98,205.89
2026-03-30T14:30:03.222551+00:00,67297.02,45.95,22.6,22.98,232.63,266.74
2026-03-30T14:45:02.823576+00:00,67129.48,51.52,23.99,24.98,237.01,358.42
2026-03-30T15:00:03.684106+00:00,67809.29,28.55,26.99,20.19,274.45,374.52
2026-03-30T15:15:03.292952+00:00,67573.96,38.84,26.61,18.33,276.77,312.18
2026-03-30T15:30:03.293811+00:00,67529.06,25.84,23.71,21.28,271.39,248.57
2026-03-30T15:45:02.735731+00:00,67767.51,29.39,28.8,18.93,282.53,231.43
2026-03-30T16:00:04.807560+00:00,67637.55,36.21,28.8,18.0,276.17,172.53
2026-03-30T16:15:03.299018+00:00,67441.39,33.24,26.46,23.31,278.03,173.73
2026-03-30T16:30:03.390228+00:00,67341.68,21.3,23.55,23.57,270.81,147.39
2026-03-30T16:45:02.812559+00:00,67372.32,26.44,24.13,22.32,265.0,199.83
2026-03-30T17:00:04.655807+00:00,67373.31,28.42,23.41,23.45,261.82,139.32
2026-03-30T17:15:02.723858+00:00,67185.25,18.45,19.84,23.26,264.92,171.65
2026-03-30T17:30:03.373178+00:00,66789.76,16.74,17.14,34.17,284.32,462.95
2026-03-30T17:45:03.300423+00:00,66958.04,17.9,16.29,31.28,278.36,158.8
2026-03-30T18:00:04.179017+00:00,66839.2,22.02,16.46,29.35,273.11,124.31
2026-03-30T18:15:03.503335+00:00,66825.05,20.94,15.22,31.06,269.94,103.77
2026-03-30T18:30:03.306888+00:00,66704.0,21.34,14.11,30.7,270.44,162.02
2026-03-30T18:45:03.067188+00:00,66751.99,25.3,13.49,28.75,268.5,102.86
2026-03-30T19:00:04.454490+00:00,66645.98,24.36,12.18,29.14,269.53,129.47
2026-03-30T19:15:03.218779+00:00,66431.75,25.92,11.04,31.1,276.56,201.95
2026-03-30T19:30:03.181444+00:00,66330.27,27.74,10.39,31.12,272.55,133.66
2026-03-30T19:45:02.874676+00:00,66339.01,33.82,12.05,29.64,264.65,109.31
2026-03-30T20:00:04.626194+00:00,66563.95,33.75,16.7,27.5,265.95,152.98
2026-03-30T20:15:03.718989+00:00,66605.0,32.13,16.15,26.3,258.04,108.28
2026-03-30T20:30:03.190462+00:00,66655.94,31.42,15.95,25.41,247.4,89.53
2026-03-30T20:45:03.232871+00:00,66668.61,30.59,15.24,26.01,238.87,63.36
2026-03-30T21:00:04.341406+00:00,66620.35,29.49,14.95,24.18,226.17,63.44
2026-03-30T21:15:03.225831+00:00,66779.99,26.94,17.82,23.13,224.72,144.16
2026-03-30T21:30:03.205766+00:00,66851.39,25.9,22.81,21.22,224.78,193.81
2026-03-30T21:45:03.111144+00:00,66922.46,27.67,21.88,19.38,221.03,89.17
2026-03-30T22:00:03.758241+00:00,66817.11,22.12,20.43,20.0,215.92,54.28
2026-03-30T22:15:03.074914+00:00,66770.47,25.72,18.51,20.4,221.16,70.66
2026-03-30T22:30:03.439205+00:00,66813.03,19.79,17.45,20.0,217.54,32.36
2026-03-30T22:45:02.987563+00:00,66834.65,17.58,17.82,18.37,210.64,20.07
2026-03-30T23:00:04.029561+00:00,66784.32,16.92,16.61,19.38,207.54,46.41
2026-03-30T23:15:02.907838+00:00,66538.41,19.03,19.61,25.56,219.5,257.75
2026-03-30T23:30:02.934775+00:00,66707.56,25.15,12.4,24.33,220.03,129.57
2026-03-30T23:45:02.880399+00:00,66759.48,20.97,13.25,22.93,211.28,190.26
2026-03-31T00:00:05.716469+00:00,66788.4,17.4,15.41,22.22,201.95,120.66
2026-03-31T00:15:03.220695+00:00,66665.37,18.16,13.64,25.41,206.18,135.62
2026-03-31T00:30:03.378621+00:00,66819.49,24.77,10.86,23.75,212.43,97.97
2026-03-31T00:45:03.322668+00:00,66969.04,24.54,14.29,22.18,211.04,158.71
2026-03-31T01:00:04.648381+00:00,67230.51,21.46,23.93,19.5,222.6,266.65
2026-03-31T01:15:03.436837+00:00,67263.07,15.23,24.3,17.94,224.87,100.74
2026-03-31T01:30:03.651499+00:00,67817.99,34.22,34.21,16.6,256.1,359.53
2026-03-31T01:45:03.291517+00:00,67962.19,38.83,41.64,14.88,285.96,839.44
2026-03-31T02:00:04.204716+00:00,67941.9,28.59,39.25,11.21,282.13,158.35
2026-03-31T02:15:02.921927+00:00,67921.33,39.48,37.07,14.03,276.62,129.57
2026-03-31T02:30:03.330691+00:00,68050.0,37.75,38.33,12.37,270.02,151.07
2026-03-31T02:45:03.222642+00:00,67977.42,39.08,40.99,12.16,265.65,82.67
2026-03-31T03:00:04.217925+00:00,67943.43,37.37,35.09,11.69,259.46,71.87
2026-03-31T03:15:03.197772+00:00,67916.86,42.7,33.0,15.5,252.62,65.33
2026-03-31T03:30:02.984753+00:00,67845.34,37.11,34.82,13.16,245.48,70.39
2026-03-31T03:45:02.749974+00:00,67733.07,41.87,28.81,16.78,248.09,186.66
2026-03-31T04:00:03.802441+00:00,67721.81,42.07,27.8,19.29,237.4,65.5
2026-03-31T04:15:02.811690+00:00,67666.64,39.77,26.06,17.65,235.76,356.39
2026-03-31T04:30:03.135323+00:00,67588.51,35.18,27.51,14.27,259.71,356.3
2026-03-31T04:45:03.011163+00:00,67606.79,36.84,26.04,14.72,251.22,286.22
2026-03-31T05:00:04.340377+00:00,67549.74,35.18,25.52,13.69,245.76,150.98
2026-03-31T05:15:03.103348+00:00,67425.0,29.61,23.94,21.33,243.86,119.38
2026-03-31T05:30:03.077345+00:00,67608.5,32.69,23.5,13.88,245.0,206.05
2026-03-31T05:45:02.719503+00:00,67673.57,33.41,24.41,13.27,236.31,129.01
2026-03-31T06:00:04.030766+00:00,67705.08,31.25,25.12,13.72,228.15,198.99
2026-03-31T06:15:02.819300+00:00,67471.53,28.07,23.26,19.13,228.9,130.78
2026-03-31T06:30:03.014179+00:00,67389.2,31.8,21.95,20.96,225.49,142.73
2026-03-31T06:45:03.388868+00:00,67412.52,24.49,21.07,20.95,218.03,180.06
2026-03-31T07:00:04.288811+00:00,67503.99,22.12,22.16,21.98,211.31,57.71
2026-03-31T07:15:03.292254+00:00,67294.69,22.62,20.19,23.54,215.93,168.24
2026-03-31T07:30:03.276113+00:00,67286.94,28.43,18.82,25.71,214.36,351.53
2026-03-31T07:45:03.147817+00:00,67323.15,33.91,22.96,24.05,212.47,418.75
2026-03-31T08:00:05.186326+00:00,67365.21,27.04,22.68,22.96,207.27,641.47
2026-03-31T08:15:02.975301+00:00,67351.38,23.54,18.8,24.37,213.56,202.12
2026-03-31T08:30:02.754595+00:00,67297.68,21.25,17.91,23.04,209.48,135.96
2026-03-31T08:45:02.952752+00:00,66846.47,23.08,14.96,34.43,231.1,306.88
2026-03-31T09:00:04.147843+00:00,66787.04,26.41,15.28,35.21,232.53,252.88
2026-03-31T09:15:03.001336+00:00,66695.5,29.78,14.61,34.81,241.0,282.49
2026-03-31T09:30:02.999894+00:00,66429.75,29.28,10.85,38.04,249.7,660.08
2026-03-31T09:45:02.721849+00:00,66511.87,27.25,10.43,36.81,240.9,175.9
2026-03-31T10:00:04.749147+00:00,66114.86,29.99,8.95,43.33,260.58,394.02
2026-03-31T10:15:03.133426+00:00,66394.78,37.49,8.24,38.87,263.23,237.25
2026-03-31T10:30:03.072040+00:00,66385.48,39.85,10.04,37.49,252.54,197.4
2026-03-31T10:45:02.825862+00:00,66283.65,37.63,9.39,39.24,250.23,188.8
2026-03-31T11:00:03.744864+00:00,66371.07,40.17,9.67,38.98,248.97,164.83
2026-03-31T11:15:02.750413+00:00,66577.0,44.51,11.91,32.37,256.46,282.78
2026-03-31T11:30:03.022082+00:00,66649.95,41.47,20.22,29.01,264.9,440.39
2026-03-31T11:45:02.947017+00:00,66730.53,40.17,18.87,27.4,259.84,169.45
2026-03-31T12:00:04.299461+00:00,66738.0,34.51,17.73,29.74,253.41,96.76
2026-03-31T12:15:03.157691+00:00,66576.18,35.78,18.5,26.46,252.2,153.83
2026-03-31T12:30:02.951723+00:00,66798.41,33.47,18.27,25.43,256.43,150.55
2026-03-31T12:45:02.941624+00:00,66904.85,28.83,22.79,23.86,253.25,121.02
2026-03-31T13:00:04.556392+00:00,66675.17,31.89,17.2,24.21,254.86,113.6
2026-03-31T13:15:03.379129+00:00,66826.0,21.96,23.01,22.86,249.88,109.9
2026-03-31T13:30:04.466966+00:00,66847.19,21.05,24.23,21.79,245.83,91.09
2026-03-31T13:45:03.363703+00:00,67005.18,31.78,22.57,19.18,259.5,427.07
2026-03-31T14:00:04.313169+00:00,67280.2,35.6,25.44,17.41,270.1,459.16
2026-03-31T14:15:03.217427+00:00,67350.0,26.48,27.14,15.11,280.73,349.92
2026-03-31T14:30:03.316178+00:00,67752.18,36.77,28.65,14.17,292.14,359.74
2026-03-31T14:45:03.113482+00:00,67212.0,29.82,24.59,16.81,318.99,272.48
2026-03-31T15:00:04.572480+00:00,66649.99,35.47,20.43,28.25,352.96,503.24
2026-03-31T15:15:03.041914+00:00,67269.33,30.03,18.89,23.8,377.64,479.95
2026-03-31T15:30:03.162981+00:00,66923.01,34.49,17.53,23.27,377.69,247.03
2026-03-31T15:45:03.042738+00:00,66934.99,25.71,16.62,21.33,370.53,148.27
2026-03-31T16:00:05.257812+00:00,66737.99,29.82,15.47,23.75,368.71,150.34
2026-03-31T16:15:03.291926+00:00,66927.17,17.41,16.12,21.91,362.71,174.14
2026-03-31T16:30:03.623075+00:00,67082.01,26.18,17.62,20.81,356.72,150.79
2026-03-31T16:45:03.176811+00:00,67747.56,22.15,29.16,16.89,405.46,595.48
2026-03-31T17:00:03.898712+00:00,67658.95,30.04,26.84,16.45,406.2,413.62
2026-03-31T17:15:03.220133+00:00,68483.64,22.28,32.69,13.31,442.47,845.02
2026-03-31T17:30:03.157297+00:00,68031.11,25.39,31.21,12.06,453.63,636.33
2026-03-31T17:45:02.988351+00:00,67719.96,24.72,28.84,16.9,456.49,383.82
2026-03-31T18:00:04.420266+00:00,67550.0,32.39,26.72,20.48,450.39,330.63
2026-03-31T18:15:03.729130+00:00,67773.79,30.86,25.94,19.27,437.88,137.06
2026-03-31T18:30:03.261170+00:00,67776.79,29.05,27.12,17.32,429.23,126.73
2026-03-31T18:45:03.147091+00:00,67826.12,24.43,26.33,16.57,416.23,86.42
2026-03-31T19:00:03.768105+00:00,67859.99,29.21,25.96,17.1,401.34,76.19
2026-03-31T19:15:03.222480+00:00,67995.81,28.31,26.63,16.38,386.15,131.84
2026-03-31T19:30:03.387056+00:00,67891.61,23.11,26.57,14.76,370.56,75.38
2026-03-31T19:45:03.936151+00:00,67830.02,24.44,25.0,16.96,360.1,98.03
2026-03-31T20:00:04.507202+00:00,67872.15,25.98,24.0,17.01,351.63,129.99
2026-03-31T20:15:03.262743+00:00,68145.11,23.26,26.92,14.85,353.42,287.66
2026-03-31T20:30:03.126197+00:00,67995.85,23.01,25.59,18.14,344.43,222.55
2026-03-31T20:45:02.688717+00:00,68043.96,24.38,24.75,14.34,332.72,66.96
2026-03-31T21:00:04.702460+00:00,68243.6,24.55,26.51,13.47,325.77,115.89
2026-03-31T21:15:02.654781+00:00,68027.83,23.99,24.77,14.93,324.28,139.36
2026-03-31T21:30:02.594133+00:00,68034.37,27.35,23.85,13.98,312.93,105.0
2026-03-31T21:45:02.858196+00:00,68178.41,21.13,25.83,17.24,300.36,95.78
2026-03-31T22:00:04.055132+00:00,68305.86,31.33,30.09,12.45,297.33,154.35
2026-03-31T22:15:03.164681+00:00,68198.0,35.55,28.74,14.22,295.29,180.27
2026-03-31T22:30:03.202466+00:00,68108.71,23.87,26.44,14.65,288.96,169.23
2026-03-31T22:45:02.902845+00:00,68180.04,35.07,24.88,15.29,289.08,154.67
2026-03-31T23:00:03.292135+00:00,68188.4,37.45,24.98,14.83,276.69,251.37
2026-03-31T23:15:02.918858+00:00,68227.3,43.64,27.83,14.08,271.19,225.8
2026-03-31T23:30:02.607600+00:00,68258.92,29.63,25.14,13.39,264.96,207.62
2026-03-31T23:45:02.523356+00:00,68310.01,25.4,24.16,13.66,254.73,109.61
2026-04-01T00:00:04.862738+00:00,68266.95,30.0,23.97,12.87,245.9,67.96
2026-04-01T00:15:03.208338+00:00,68053.09,24.41,21.35,17.74,247.76,124.91
2026-04-01T00:30:02.937330+00:00,68006.76,29.83,20.68,18.79,253.17,198.4
2026-04-01T00:45:02.518418+00:00,68065.99,21.1,18.09,20.14,250.82,91.18
2026-04-01T01:00:05.143914+00:00,68317.41,23.67,24.19,17.51,256.08,128.32
2026-04-01T01:15:02.625763+00:00,68256.28,27.48,24.67,16.3,254.91,170.25
2026-04-01T01:30:02.782844+00:00,68034.87,33.82,24.55,18.47,254.76,177.17
2026-04-01T01:45:03.464696+00:00,67918.96,29.94,21.79,23.44,261.95,331.18
2026-04-01T02:00:04.599492+00:00,67783.07,25.99,19.67,22.78,257.84,288.08
2026-04-01T02:15:03.217734+00:00,67827.2,28.01,19.59,22.77,254.24,512.77
2026-04-01T02:30:03.169804+00:00,67620.29,12.08,15.47,26.04,257.55,146.85
2026-04-01T02:45:02.870373+00:00,67650.7,28.32,14.86,31.06,250.19,173.89
2026-04-01T03:00:04.189042+00:00,67690.0,24.8,15.61,22.13,241.69,280.67
2026-04-01T03:15:02.940850+00:00,67990.16,22.08,23.58,19.44,255.04,158.99
2026-04-01T03:30:03.037042+00:00,67980.74,18.91,22.88,19.16,242.52,61.56
2026-04-01T03:45:02.611265+00:00,68076.12,11.6,23.35,19.92,237.36,113.6
2026-04-01T04:00:04.443479+00:00,68171.76,22.6,27.03,16.64,234.61,217.79
2026-04-01T04:15:03.231190+00:00,68086.77,28.24,27.16,17.04,236.45,202.99
2026-04-01T04:30:02.806848+00:00,68157.75,44.72,33.35,16.02,233.57,289.46
2026-04-01T04:45:02.592603+00:00,68226.91,17.46,23.06,15.44,229.56,63.52
2026-04-01T05:00:04.303668+00:00,68308.24,39.51,34.77,14.16,228.85,155.91
2026-04-01T05:15:03.305336+00:00,68385.2,22.76,26.15,14.95,231.72,144.57
2026-04-01T05:30:03.254292+00:00,68620.84,26.98,31.98,17.69,240.73,403.46
2026-04-01T05:45:02.865629+00:00,68508.76,22.91,30.46,14.95,234.27,163.46
2026-04-01T06:00:04.131292+00:00,68460.71,28.86,29.7,12.81,224.8,105.99
2026-04-01T06:15:03.007973+00:00,68651.18,34.5,33.51,11.84,225.54,144.04
2026-04-01T06:30:03.396811+00:00,68856.41,29.41,34.51,10.85,228.74,270.34
2026-04-01T06:45:03.439686+00:00,69216.67,35.19,41.02,9.49,242.42,512.63
2026-04-01T07:00:04.449957+00:00,69136.58,37.14,38.99,8.89,240.12,314.27
2026-04-01T07:15:03.197468+00:00,69180.36,35.64,37.82,8.32,237.93,274.64
2026-04-01T07:30:03.060647+00:00,68884.38,32.84,34.06,16.39,244.64,403.16
2026-04-01T07:45:02.985485+00:00,68892.96,37.64,32.98,14.1,237.53,467.74
2026-04-01T08:00:04.787753+00:00,68691.23,45.83,32.9,18.55,238.74,392.05
2026-04-01T08:15:03.129515+00:00,68522.0,33.51,27.71,21.76,240.04,404.02
2026-04-01T08:30:03.210082+00:00,68757.36,31.38,24.84,23.1,247.92,546.52
2026-04-01T08:45:02.953407+00:00,68779.5,36.46,28.56,22.17,239.61,159.79
2026-04-01T09:00:04.535838+00:00,68635.48,26.78,24.86,26.21,239.68,168.69
2026-04-01T09:15:03.140841+00:00,68493.27,25.77,22.86,27.27,242.24,140.75
2026-04-01T09:30:03.112601+00:00,68556.35,28.52,23.1,26.83,236.85,128.29
2026-04-01T09:45:02.926453+00:00,68491.79,32.27,24.63,25.01,235.7,137.25
2026-04-01T10:00:03.672882+00:00,68645.82,21.64,22.56,24.68,234.91,74.16
2026-04-01T10:15:03.271408+00:00,68505.53,20.45,21.49,22.15,229.3,139.33
2026-04-01T10:30:02.958830+00:00,68521.15,20.33,20.52,23.11,222.52,260.37
2026-04-01T10:45:02.909033+00:00,68497.82,20.09,19.42,23.04,218.71,244.76
2026-04-01T11:00:04.060068+00:00,68587.62,17.25,21.52,21.28,218.92,330.34
2026-04-01T11:15:03.077364+00:00,68609.12,16.73,20.91,20.12,215.39,175.29
2026-04-01T11:30:02.877454+00:00,68567.78,17.76,18.69,19.12,210.63,240.86
2026-04-01T11:45:02.975928+00:00,68608.35,16.19,17.99,18.68,202.89,230.15
2026-04-01T12:00:04.691926+00:00,68721.22,14.92,20.67,19.99,198.98,106.27
2026-04-01T12:15:03.193902+00:00,68574.13,12.94,18.88,21.5,203.05,346.38
2026-04-01T12:30:02.930847+00:00,68524.53,10.87,17.56,19.21,203.07,216.79
2026-04-01T12:45:03.211800+00:00,68637.97,27.38,18.29,23.83,223.93,403.9
2026-04-01T13:00:04.269147+00:00,68392.5,15.57,14.15,20.77,239.08,398.16
2026-04-01T13:15:02.810440+00:00,68448.79,16.79,12.52,26.32,242.56,259.84
2026-04-01T13:30:03.078481+00:00,68586.75,22.04,16.56,26.5,237.09,125.72
2026-04-01T13:45:03.015353+00:00,68145.12,19.21,13.3,32.39,274.52,438.39
2026-04-01T14:00:04.334812+00:00,68118.59,18.96,12.09,29.65,279.84,208.12
2026-04-01T14:15:03.342925+00:00,68291.21,20.86,11.37,28.32,276.24,176.98
2026-04-01T14:30:03.165518+00:00,68514.08,22.42,16.53,25.78,277.22,253.05
2026-04-01T14:45:02.822106+00:00,68402.08,24.67,18.15,22.81,284.62,280.04
2026-04-01T15:00:04.151169+00:00,68612.69,27.75,21.36,20.9,288.45,195.09
2026-04-01T15:15:02.945314+00:00,68512.5,23.37,16.51,19.86,283.49,205.32
2026-04-01T15:30:03.295188+00:00,68745.38,22.09,20.54,17.56,295.66,231.62
2026-04-01T15:45:02.795852+00:00,68756.28,22.59,20.52,16.63,290.22,116.46
2026-04-01T16:00:03.885185+00:00,68920.0,20.08,19.94,16.32,284.8,235.98
2026-04-01T16:15:02.935118+00:00,68669.43,17.66,18.52,17.37,285.1,173.94
2026-04-01T16:30:03.093486+00:00,68887.24,16.24,17.45,16.81,287.98,207.75
2026-04-01T16:45:02.861091+00:00,68942.5,18.03,19.05,15.65,287.13,246.03
2026-04-01T17:00:04.108173+00:00,68812.99,15.73,16.3,15.68,277.13,77.44
2026-04-01T17:15:02.908304+00:00,68748.82,21.83,23.24,13.39,289.07,242.87
2026-04-01T17:30:03.089254+00:00,68527.97,13.69,18.3,18.22,289.89,208.48
2026-04-01T17:45:02.800799+00:00,68439.53,16.55,17.17,22.28,285.68,154.39
2026-04-01T18:00:03.894596+00:00,68266.62,13.48,17.71,22.08,279.37,163.14
2026-04-01T18:15:02.830290+00:00,68086.03,15.11,16.57,27.84,285.3,327.84
2026-04-01T18:30:02.779098+00:00,68089.59,20.65,17.46,26.55,277.98,153.53
2026-04-01T18:45:02.870391+00:00,68225.05,20.53,16.95,24.69,278.4,113.38
2026-04-01T19:00:04.895693+00:00,68103.75,13.97,16.63,24.28,273.18,128.62
2026-04-01T19:15:03.316319+00:00,68061.6,34.63,15.28,25.8,265.95,72.59
2026-04-01T19:30:03.470545+00:00,68287.39,22.0,15.29,21.56,264.18,84.54
2026-04-01T19:45:03.343174+00:00,68156.0,30.51,14.85,22.17,260.81,88.38
2026-04-01T20:00:04.845976+00:00,68152.97,28.21,14.17,20.79,254.51,167.29
2026-04-01T20:15:03.317974+00:00,68092.7,26.48,13.45,22.26,249.06,99.27
2026-04-01T20:30:02.865278+00:00,68051.14,17.62,14.24,20.08,239.33,63.84
2026-04-01T20:45:02.924908+00:00,68170.97,29.34,12.08,22.57,236.74,64.47
2026-04-01T21:00:03.806297+00:00,68184.01,25.08,13.89,21.03,227.16,48.52
2026-04-01T21:15:02.871342+00:00,68294.91,21.5,16.97,19.32,225.03,82.41
2026-04-01T21:30:03.025899+00:00,68448.17,13.63,21.4,16.95,226.53,82.16
2026-04-01T21:45:02.884514+00:00,68343.29,14.08,20.34,15.88,224.67,88.49
2026-04-01T22:00:04.255056+00:00,68341.29,18.5,17.98,16.39,223.38,73.47
2026-04-01T22:15:02.993429+00:00,68216.39,16.21,16.73,19.17,222.61,94.29
2026-04-01T22:30:02.891527+00:00,68184.01,20.76,15.64,21.37,220.7,72.36
2026-04-01T22:45:02.537117+00:00,68243.81,11.19,17.28,19.04,217.85,55.38
2026-04-01T23:00:04.292066+00:00,68158.43,16.04,15.22,19.76,216.09,48.43
2026-04-01T23:15:02.903017+00:00,68190.0,14.56,14.39,18.85,210.03,169.67
2026-04-01T23:30:03.151034+00:00,68110.0,13.82,13.73,19.4,204.1,157.38
2026-04-01T23:45:02.899282+00:00,68109.97,11.94,14.22,21.06,203.06,71.41
2026-04-02T00:00:04.101261+00:00,68101.61,23.41,12.11,21.8,197.74,75.88
2026-04-02T00:15:03.291942+00:00,68208.27,15.05,13.51,18.59,197.75,99.44
2026-04-02T00:30:03.151609+00:00,68211.02,31.13,14.16,21.51,193.54,60.4
2026-04-02T00:45:03.799291+00:00,68562.86,14.83,22.12,15.42,203.53,141.51
2026-04-02T01:00:03.703243+00:00,68577.42,26.27,24.43,17.1,203.86,107.83
2026-04-02T01:15:03.398870+00:00,68136.54,16.89,19.61,32.34,257.43,651.72
2026-04-02T01:30:03.502694+00:00,67545.41,41.45,14.04,39.26,301.72,667.74
2026-04-02T01:45:03.460163+00:00,67109.11,22.66,12.69,33.79,313.48,341.42
2026-04-02T02:00:04.534802+00:00,67339.27,25.28,11.67,32.93,314.24,283.21
2026-04-02T02:15:03.361881+00:00,66858.26,29.43,12.4,33.55,327.53,514.59
2026-04-02T02:30:03.180946+00:00,66904.82,25.54,10.77,33.51,321.33,203.15
2026-04-02T02:45:03.098777+00:00,66713.81,26.16,9.16,33.8,328.55,329.57
2026-04-02T03:00:04.526346+00:00,66833.09,34.02,8.22,31.92,322.8,121.78
2026-04-02T03:15:03.284393+00:00,66759.97,33.44,10.3,30.28,315.37,114.37
2026-04-02T03:30:03.184391+00:00,66849.11,38.15,7.66,31.12,311.69,244.83
2026-04-02T03:45:02.913971+00:00,66591.1,33.35,7.78,31.49,315.78,265.63
2026-04-02T04:00:03.859687+00:00,66576.25,49.14,6.7,31.46,303.52,142.89
2026-04-02T04:15:03.357101+00:00,66538.6,45.5,6.73,29.6,292.68,373.04
2026-04-02T04:30:03.222641+00:00,66416.63,39.66,6.8,30.96,290.34,156.98
2026-04-02T04:45:03.325242+00:00,66334.01,46.78,5.9,32.8,285.94,176.66
2026-04-02T05:00:03.989398+00:00,66359.99,44.16,8.0,31.74,273.67,182.73
2026-04-02T05:15:02.963379+00:00,66388.57,62.56,7.92,32.92,267.05,184.01
2026-04-02T05:30:02.951899+00:00,66487.94,61.11,7.78,31.27,256.58,130.89
2026-04-02T05:45:03.017343+00:00,66582.25,52.56,12.11,27.29,257.96,528.24
2026-04-02T06:00:04.118011+00:00,66609.99,61.09,11.5,28.81,251.98,123.14
2026-04-02T06:15:02.966357+00:00,66573.44,48.97,11.33,24.7,238.31,97.5
2026-04-02T06:30:03.052974+00:00,66628.31,43.16,18.53,22.83,238.48,211.24
2026-04-02T06:45:02.851767+00:00,66549.9,44.0,15.76,23.1,231.87,86.8
2026-04-02T07:00:04.399399+00:00,66672.42,40.13,15.17,21.62,224.63,97.75
2026-04-02T07:15:02.976950+00:00,66580.0,36.9,15.53,20.53,219.35,70.81
2026-04-02T07:30:03.286846+00:00,66681.58,35.87,14.75,19.64,213.34,72.99
